{
    "faithfulness": 0.8262903762903762,
    "answer_relevancy": 0.8911953547432045,
    "context_precision": 0.9999999999499997,
    "context_recall": 0.9285714285714286,
    "harmfulness": 0.14285714285714285,
    "answer_correctness": 0.8267676575354559
}